insert into language (name) values ('English'),('German'),('French');
insert into country (name) values ('United Kingdom'),('Germany'),('France'),('Switzerland');

insert into source (id, name, homepage, language_id, country_id) values
(1, 'BBC News',                'http://www.bbc.com/news',                       1, 1),
(2, 'Frankfurter Allgemeine',  'http://www.faz.net/',                           2, 2),
  (3, 'SRF', 'https://www.srf.ch/news/', 2, 4),
  (4, 'Daily Mail', 'http://www.dailymail.co.uk/home/index.html', 1, 1),
  (5, 'The Guardian', 'https://www.theguardian.com/', 1, 1);
insert into section (id, name, url, source_id) values
(1, 'Front page',              'http://www.bbc.com/news',                               1),
(2, 'UK news',                 'http://www.bbc.com/news/uk',                            1),
(3, 'World',                   'http://www.bbc.com/news/world',                         1),
(4, 'Africa',                  'http://www.bbc.com/news/world/africa',                  1),
(5, 'Asia',                    'http://www.bbc.com/news/world/asia',                    1),
(6, 'Australia',               'http://www.bbc.com/news/world/australia',               1),
(7, 'Europe',                  'http://www.bbc.com/news/world/europe',                  1),
(8, 'Latin America',           'http://www.bbc.com/news/world/latin_america',           1),
(9, 'Middle East',             'http://www.bbc.com/news/world/middle_east',             1),
(10, 'US & Canada',            'http://www.bbc.com/news/world/us_and_canada',           1),
(11, 'Business',               'http://www.bbc.com/news/business',                      1),
(12, 'Technology',             'http://www.bbc.com/news/technology',                    1),
(13, 'Science & Environment',  'http://www.bbc.com/news/science_and_environment',       1),
(14, 'Health',                 'http://www.bbc.com/news/health',                        1),
(15, 'Entertainment & Arts',   'http://www.bbc.com/news/entertainment_and_arts',        1),


(16, 'Economy',                'http://www.faz.net/aktuell/wirtschaft/',                2),
(17, 'Finances',               'http://www.faz.net/aktuell/finanzen/',                  2),
(18, 'Feuilleton',             'http://www.faz.net/aktuell/feuilleton/',                2),
(19, 'Sport',                  'http://www.faz.net/aktuell/sport/',                     2),
(20, 'Society',                'http://www.faz.net/aktuell/gesellschaft/',              2),
(21, 'Style',                  'http://www.faz.net/aktuell/stil/',                      2),
(22, 'Technology',             'http://www.faz.net/aktuell/technik-motor/',             2),
(23, 'Knowledge',              'http://www.faz.net/aktuell/wissen/',                    2),
(24, 'Travel',                 'http://www.faz.net/aktuell/reise/',                     2),
(25, 'Rhein-Main',             'http://www.faz.net/aktuell/rhein-main/',                2),


  (26, 'Front page', 'https://www.srf.ch/news/', 3),
  (27, 'Switzerland', 'https://www.srf.ch/news/schweiz', 3),
  (28, 'Aargau Solothurn', 'https://www.srf.ch/news/regional/aargau-solothurn', 3),
  (29, 'Basel Basel-Land', 'https://www.srf.ch/news/regional/basel-baselland', 3),
  (30, 'Bern Fribourg Valais', 'https://www.srf.ch/news/regional/bern-freiburg-wallis', 3),
  (31, 'Grisons', 'https://www.srf.ch/news/regional/graubuenden', 3),
  (32, 'East Switzerland', 'https://www.srf.ch/news/regional/ostschweiz', 3),
  (33, 'Central Switzerland', 'https://www.srf.ch/news/regional/zentralschweiz', 3),
  (34, 'Zurich & Schaffhausen', 'https://www.srf.ch/news/regional/zuerich-schaffhausen', 3),
  (35, 'World', 'https://www.srf.ch/news/international', 3),
  (36, 'Panorama', 'https://www.srf.ch/news/panorama', 3),
  (37, 'Economy', 'https://www.srf.ch/news/wirtschaft', 3),
  (38, 'Infographics', 'https://www.srf.ch/news/infografik-3', 3),
  (39, 'Sport', 'https://www.srf.ch/sport', 3),
  (40, 'SRF Data', 'https://www.srf.ch/news/srf-data', 3),

(41, 'Front page',             'http://www.dailymail.co.uk/home/index.html',            4),
(42, 'UK',                     'http://www.dailymail.co.uk/news/index.html',            4),
(43, 'US',                     'http://www.dailymail.co.uk/ushome/index.html',          4),
(44, 'Sport',                  'http://www.dailymail.co.uk/sport/index.html',           4),
(45, 'TV & Showbiz',           'http://www.dailymail.co.uk/tvshowbiz/index.html',       4),
(46, 'Australia',              'http://www.dailymail.co.uk/auhome/index.html',          4),
(47, 'Femail',                 'http://www.dailymail.co.uk/femail/index.html',          4),
(48, 'Health',                 'http://www.dailymail.co.uk/health/index.html',          4),
(49, 'Science',                'http://www.dailymail.co.uk/sciencetech/index.html',     4),
(50, 'Money',                  'http://www.dailymail.co.uk/money/index.html',           4),
  (51, 'Travel', 'http://www.dailymail.co.uk/travel/index.html', 4),

  (52, 'Front Page', 'https://www.theguardian.com/international', 5),
  (53, 'UK', 'https://www.theguardian.com/uk-news', 5),
  (54, 'Politics', 'https://www.theguardian.com/politics', 5),
  (55, 'Science', 'https://www.theguardian.com/science', 5),
  (56, 'Technology', 'https://www.theguardian.com/uk/technology', 5),
  (57, 'Education', 'https://www.theguardian.com/education', 5),
  (58, 'Media', 'https://www.theguardian.com/uk/media', 5),
  (59, 'Society', 'https://www.theguardian.com/society', 5),
  (60, 'Law', 'https://www.theguardian.com/law', 5),
  (61, 'Scotland', 'https://www.theguardian.com/uk/scotland', 5),
  (62, 'Wales', 'https://www.theguardian.com/uk/wales', 5),
  (63, 'Northern Ireland', 'https://www.theguardian.com/uk/northernireland', 5),
  (64, 'World', 'https://www.theguardian.com/world', 5),
  (65, 'Europe', 'https://www.theguardian.com/world/europe-news', 5),
  (66, 'US', 'https://www.theguardian.com/us-news', 5),
  (67, 'Americas', 'https://www.theguardian.com/world/americas', 5),
  (68, 'Asia', 'https://www.theguardian.com/world/asia', 5),
  (69, 'Australia', 'https://www.theguardian.com/australia-news', 5),
  (70, 'Africa', 'https://www.theguardian.com/world/africa', 5),
  (71, 'Middle East', 'https://www.theguardian.com/world/middleeast', 5),
  (72, 'Cities', 'https://www.theguardian.com/cities', 5),
  (73, 'Development', 'https://www.theguardian.com/global-development', 5),
  (74, 'Sport', 'https://www.theguardian.com/uk/sport', 5);

insert into exclude_urls (url) values
('http://www.bbc.co.uk/events/*'),
('http://www.bbc.com/earth/uk'),
('http://www.bbc.co.uk/science'),
('http://www.bbc.com/future'),
('http://www.faz.net/op900/event/*'),
('http://www.faz.net/epaper'),
('http://www.faz.net/aktuell/gesellschaft/jugend-schreibt/'),
('http://www.faz.net/aktuell/feuilleton/pop/album-der-woche/'),
('http://www.faz.net/op900/event/europa-league/live/'),
('http://www.faz.net/gastspezial'),
('http://blogs.faz.net/foodaffair/*'),
('http://www.faz.net/plus'),
('http://plus.faz.net/*'),
('http://eix.faz.net/*'),
('http://quelleinternet.faz.net/*'),
('http://event.faz.net/*'),
('http://dynamic.faz.net/*'),
('http://www.fnp.de/fnp/anzeigen/trauerportal/'),
('http://www.faz-leser-helfen.de/die-stiftung/f-a-z-leser-helfen-hier-koennen-sie-spenden-13086256.html'),
('http://www.facebook.com/*'),
('http://www.twitter.com/*'),
('https://www.facebook.com/*'),
('https://www.twitter.com/*'),
('http://foursquare.com/*'),
('https://www.faz.net/mein-faz-net/newsletter/'),
('http://www.faz.net/aktuell/finanzen/boersenspiel/'),
('http://feedly.com/*'),
('http://add.my.yahoo.com/*'),
('http://reader.aol.com/*'),
('http://www.dailymail.co.uk/travel/index.rss');

insert into parse_rule (section_id, css_selector, text_selector, url_selector) values
(1,  '.gs-c-promo-heading', 'h3',   'self'  ),
(2,  '.title-link__title',  'self', 'parent'),
(3,  '.title-link__title',  'self', 'parent'),
(4,  '.title-link__title',  'self', 'parent'),
(5,  '.title-link__title',  'self', 'parent'),
(6,  '.title-link__title',  'self', 'parent'),
(7,  '.title-link__title',  'self', 'parent'),
(8,  '.title-link__title',  'self', 'parent'),
(9,  '.title-link__title',  'self', 'parent'),
(10, '.title-link__title',  'self', 'parent'),
(11, '.title-link__title',  'self', 'parent'),
(12, '.title-link__title',  'self', 'parent'),
(13, '.title-link__title',  'self', 'parent'),
(14, '.title-link__title',  'self', 'parent'),
(15, '.title-link__title',  'self', 'parent'),


(16, '.TeaserHeadLink', '.Headline', 'self'),
(17, '.TeaserHeadLink', '.Headline', 'self'),
(18, '.TeaserHeadLink', '.Headline', 'self'),
(19, '.TeaserHeadLink', '.Headline', 'self'),
(20, '.TeaserHeadLink', '.Headline', 'self'),
(21, '.TeaserHeadLink', '.Headline', 'self'),
(22, '.TeaserHeadLink', '.Headline', 'self'),
(23, '.TeaserHeadLink', '.Headline', 'self'),
(24, '.TeaserHeadLink', '.Headline', 'self'),
(25, '.TeaserHeadLink', '.Headline', 'self'),

(26, '.title', 'self', 'self_parent'),
(27, '.title', 'self', 'self_parent'),
(28, '.title', 'self', 'self_parent'),
(29, '.title', 'self', 'self_parent'),
(30, '.title', 'self', 'self_parent'),
(31, '.title', 'self', 'self_parent'),
(32, '.title', 'self', 'self_parent'),
(33, '.title', 'self', 'self_parent'),
(34, '.title', 'self', 'self_parent'),
(35, '.title', 'self', 'self_parent'),
(36, '.title', 'self', 'self_parent'),
(37, '.title', 'self', 'self_parent'),
(38, '.title', 'self', 'self_parent'),
(39, '.title', 'self', 'self_parent'),
(40, '.title', 'self', 'self_parent'),

(41, '.linkro-darkred', 'a', 'a'),
(42, '.linkro-darkred', 'a', 'a'),
(43, '.linkro-darkred', 'a', 'a'),
(44, '.linkro-darkred', 'a', 'a'),
(45, '.linkro-darkred', 'a', 'a'),
(46, '.linkro-darkred', 'a', 'a'),
(47, '.linkro-darkred', 'a', 'a'),
(48, '.linkro-darkred', 'a', 'a'),
(49, '.linkro-darkred', 'a', 'a'),
(50, '.linkro-darkred', 'a', 'a'),
  (51, '.linkro-darkred', 'a', 'a'),

  (52, 'a.fc-item__link', '.fc-item__headline', 'self'),
  (53, 'a.fc-item__link', '.fc-item__headline', 'self'),
  (54, 'a.fc-item__link', '.fc-item__headline', 'self'),
  (55, 'a.fc-item__link', '.fc-item__headline', 'self'),
  (56, 'a.fc-item__link', '.fc-item__headline', 'self'),
  (57, 'a.fc-item__link', '.fc-item__headline', 'self'),
  (58, 'a.fc-item__link', '.fc-item__headline', 'self'),
  (59, 'a.fc-item__link', '.fc-item__headline', 'self'),
  (60, 'a.fc-item__link', '.fc-item__headline', 'self'),
  (61, 'a.fc-item__link', '.fc-item__headline', 'self'),
  (62, 'a.fc-item__link', '.fc-item__headline', 'self'),
  (63, 'a.fc-item__link', '.fc-item__headline', 'self'),
  (64, 'a.fc-item__link', '.fc-item__headline', 'self'),
  (65, 'a.fc-item__link', '.fc-item__headline', 'self'),
  (66, 'a.fc-item__link', '.fc-item__headline', 'self'),
  (67, 'a.fc-item__link', '.fc-item__headline', 'self'),
  (68, 'a.fc-item__link', '.fc-item__headline', 'self'),
  (69, 'a.fc-item__link', '.fc-item__headline', 'self'),
  (70, 'a.fc-item__link', '.fc-item__headline', 'self'),
  (71, 'a.fc-item__link', '.fc-item__headline', 'self'),
  (72, 'a.fc-item__link', '.fc-item__headline', 'self'),
  (73, 'a.fc-item__link', '.fc-item__headline', 'self'),
  (74, 'a.fc-item__link', '.fc-item__headline', 'self');