INSERT INTO language (name) VALUES ('English'), ('German'), ('French');
INSERT INTO country (name) VALUES ('United Kingdom'), ('Germany'), ('France'), ('Switzerland');

INSERT INTO source (id, name, homepage, language_id, country_id) VALUES
  (1, 'BBC News', 'http://www.bbc.com/news', 1, 1),
  (2, 'Frankfurter Allgemeine', 'http://www.faz.net/', 2, 2),
  (3, 'SRF', 'https://www.srf.ch/news/', 2, 4),
  (4, 'The Guardian', 'https://www.theguardian.com/', 1, 1),
  (5, 'Watson', 'https://www.watson.ch/', 2, 4);
INSERT INTO section (id, name, url, source_id) VALUES
  (1, 'Front page', 'http://www.bbc.com/news', 1),
  (2, 'UK news', 'http://www.bbc.com/news/uk', 1),
  (3, 'World', 'http://www.bbc.com/news/world', 1),
  (4, 'Africa', 'http://www.bbc.com/news/world/africa', 1),
  (5, 'Asia', 'http://www.bbc.com/news/world/asia', 1),
  (6, 'Australia', 'http://www.bbc.com/news/world/australia', 1),
  (7, 'Europe', 'http://www.bbc.com/news/world/europe', 1),
  (8, 'Latin America', 'http://www.bbc.com/news/world/latin_america', 1),
  (9, 'Middle East', 'http://www.bbc.com/news/world/middle_east', 1),
  (10, 'US & Canada', 'http://www.bbc.com/news/world/us_and_canada', 1),
  (11, 'Business', 'http://www.bbc.com/news/business', 1),
  (12, 'Technology', 'http://www.bbc.com/news/technology', 1),
  (13, 'Science & Environment', 'http://www.bbc.com/news/science_and_environment', 1),
  (14, 'Health', 'http://www.bbc.com/news/health', 1),
  (15, 'Entertainment & Arts', 'http://www.bbc.com/news/entertainment_and_arts', 1),


  (16, 'Economy', 'http://www.faz.net/aktuell/wirtschaft/', 2),
  (17, 'Finances', 'http://www.faz.net/aktuell/finanzen/', 2),
  (18, 'Feuilleton', 'http://www.faz.net/aktuell/feuilleton/', 2),
  (19, 'Sport', 'http://www.faz.net/aktuell/sport/', 2),
  (20, 'Society', 'http://www.faz.net/aktuell/gesellschaft/', 2),
  (21, 'Style', 'http://www.faz.net/aktuell/stil/', 2),
  (22, 'Technology', 'http://www.faz.net/aktuell/technik-motor/', 2),
  (23, 'Knowledge', 'http://www.faz.net/aktuell/wissen/', 2),
  (24, 'Travel', 'http://www.faz.net/aktuell/reise/', 2),
  (25, 'Rhein-Main', 'http://www.faz.net/aktuell/rhein-main/', 2),


  (26, 'Front page', 'https://www.srf.ch/news/', 3),
  (27, 'Switzerland', 'https://www.srf.ch/news/schweiz', 3),
  (28, 'Aargau Solothurn', 'https://www.srf.ch/news/regional/aargau-solothurn', 3),
  (29, 'Basel Basel-Land', 'https://www.srf.ch/news/regional/basel-baselland', 3),
  (30, 'Bern Fribourg Valais', 'https://www.srf.ch/news/regional/bern-freiburg-wallis', 3),
  (31, 'Grisons', 'https://www.srf.ch/news/regional/graubuenden', 3),
  (32, 'East Switzerland', 'https://www.srf.ch/news/regional/ostschweiz', 3),
  (33, 'Central Switzerland', 'https://www.srf.ch/news/regional/zentralschweiz', 3),
  (34, 'Zurich & Schaffhausen', 'https://www.srf.ch/news/regional/zuerich-schaffhausen', 3),
  (35, 'World', 'https://www.srf.ch/news/international', 3),
  (36, 'Panorama', 'https://www.srf.ch/news/panorama', 3),
  (37, 'Economy', 'https://www.srf.ch/news/wirtschaft', 3),
  (38, 'Infographics', 'https://www.srf.ch/news/infografik-3', 3),
  (39, 'Sport', 'https://www.srf.ch/sport', 3),
  (40, 'SRF Data', 'https://www.srf.ch/news/srf-data', 3),

  (41, 'Front Page', 'https://www.theguardian.com/international', 4),
  (42, 'UK', 'https://www.theguardian.com/uk-news', 4),
  (43, 'Politics', 'https://www.theguardian.com/politics', 4),
  (44, 'Science', 'https://www.theguardian.com/science', 4),
  (45, 'Technology', 'https://www.theguardian.com/uk/technology', 4),
  (46, 'Education', 'https://www.theguardian.com/education', 4),
  (47, 'Media', 'https://www.theguardian.com/uk/media', 4),
  (48, 'Society', 'https://www.theguardian.com/society', 4),
  (49, 'Law', 'https://www.theguardian.com/law', 4),
  (50, 'Scotland', 'https://www.theguardian.com/uk/scotland', 4),
  (51, 'Wales', 'https://www.theguardian.com/uk/wales', 4),
  (52, 'Northern Ireland', 'https://www.theguardian.com/uk/northernireland', 4),
  (53, 'World', 'https://www.theguardian.com/world', 4),
  (54, 'Europe', 'https://www.theguardian.com/world/europe-news', 4),
  (55, 'US', 'https://www.theguardian.com/us-news', 4),
  (56, 'Americas', 'https://www.theguardian.com/world/americas', 4),
  (57, 'Asia', 'https://www.theguardian.com/world/asia', 4),
  (58, 'Australia', 'https://www.theguardian.com/australia-news', 4),
  (59, 'Africa', 'https://www.theguardian.com/world/africa', 4),
  (60, 'Middle East', 'https://www.theguardian.com/world/middleeast', 4),
  (61, 'Cities', 'https://www.theguardian.com/cities', 4),
  (62, 'Development', 'https://www.theguardian.com/global-development', 4),
  (63, 'Sport', 'https://www.theguardian.com/uk/sport', 4),


  (64, 'Front Page', 'https://www.watson.ch/', 5),
  (65, 'Switzerland', 'https://www.watson.ch/Schweiz', 5),
  (66, 'World', 'https://www.watson.ch/International', 5),
  (67, 'Economy', 'https://www.watson.ch/Wirtschaft', 5),
  (68, 'Sport', 'https://www.watson.ch/Sport', 5),
  (69, 'Fun', 'https://www.watson.ch/Spass', 5),
  (70, 'Technology', 'https://www.watson.ch/Digital', 5),
  (71, 'Knowledge', 'https://www.watson.ch/Wissen', 5),
  (72, 'Blogs', 'https://www.watson.ch/Blogs', 5),
  (73, 'Videos', 'https://www.watson.ch/u/videos', 6);

INSERT INTO exclude_urls (url) VALUES
  ('http://www.bbc.co.uk/events/*'),
  ('http://www.bbc.com/earth/uk'),
  ('http://www.bbc.co.uk/science'),
  ('http://www.bbc.com/future'),
  ('http://www.faz.net/op900/event/*'),
  ('http://www.faz.net/epaper'),
  ('http://www.faz.net/aktuell/gesellschaft/jugend-schreibt/'),
  ('http://www.faz.net/aktuell/feuilleton/pop/album-der-woche/'),
  ('http://www.faz.net/op900/event/europa-league/live/'),
  ('http://www.faz.net/gastspezial'),
  ('http://blogs.faz.net/foodaffair/*'),
  ('http://www.faz.net/plus'),
  ('http://plus.faz.net/*'),
  ('http://eix.faz.net/*'),
  ('http://quelleinternet.faz.net/*'),
  ('http://event.faz.net/*'),
  ('http://dynamic.faz.net/*'),
  ('http://www.fnp.de/fnp/anzeigen/trauerportal/'),
  ('http://www.faz-leser-helfen.de/die-stiftung/f-a-z-leser-helfen-hier-koennen-sie-spenden-13086256.html'),
  ('http://www.facebook.com/*'),
  ('http://www.twitter.com/*'),
  ('https://www.facebook.com/*'),
  ('https://www.twitter.com/*'),
  ('http://foursquare.com/*'),
  ('https://www.faz.net/mein-faz-net/newsletter/'),
  ('http://www.faz.net/aktuell/finanzen/boersenspiel/'),
  ('http://feedly.com/*'),
  ('http://add.my.yahoo.com/*'),
  ('http://reader.aol.com/*'),
  ('http://www.dailymail.co.uk/travel/index.rss'),
  ('http://www.watson.ch/videos'),
  ('https://www.watson.ch/watson-Leser empfehlen'),
  ('https://www.watson.ch/best of watson'),
  ('http://www.watson.ch/mint'),
  ('https://www.watson.ch/Schweiz'),
  ('https://www.watson.ch/international'),
  ('https://www.watson.ch/sport'),
  ('http://www.watson.ch/Spass'),
  ('https://www.watson.ch/digital'),
  ('https://www.watson.ch/wissen'),
  ('https://www.watson.ch/Blogs');

INSERT INTO parse_rule (section_id, css_selector, text_selector, url_selector) VALUES
  (1, '.gs-c-promo-heading', 'h3', 'self'),
  (2, '.title-link__title', 'self', 'parent'),
  (3, '.title-link__title', 'self', 'parent'),
  (4, '.title-link__title', 'self', 'parent'),
  (5, '.title-link__title', 'self', 'parent'),
  (6, '.title-link__title', 'self', 'parent'),
  (7, '.title-link__title', 'self', 'parent'),
  (8, '.title-link__title', 'self', 'parent'),
  (9, '.title-link__title', 'self', 'parent'),
  (10, '.title-link__title', 'self', 'parent'),
  (11, '.title-link__title', 'self', 'parent'),
  (12, '.title-link__title', 'self', 'parent'),
  (13, '.title-link__title', 'self', 'parent'),
  (14, '.title-link__title', 'self', 'parent'),
  (15, '.title-link__title', 'self', 'parent'),


  (16, '.TeaserHeadLink', '.Headline', 'self'),
  (17, '.TeaserHeadLink', '.Headline', 'self'),
  (18, '.TeaserHeadLink', '.Headline', 'self'),
  (19, '.TeaserHeadLink', '.Headline', 'self'),
  (20, '.TeaserHeadLink', '.Headline', 'self'),
  (21, '.TeaserHeadLink', '.Headline', 'self'),
  (22, '.TeaserHeadLink', '.Headline', 'self'),
  (23, '.TeaserHeadLink', '.Headline', 'self'),
  (24, '.TeaserHeadLink', '.Headline', 'self'),
  (25, '.TeaserHeadLink', '.Headline', 'self'),

  (26, '.title', 'self', 'self_parent'),
  (27, '.title', 'self', 'self_parent'),
  (28, '.title', 'self', 'self_parent'),
  (29, '.title', 'self', 'self_parent'),
  (30, '.title', 'self', 'self_parent'),
  (31, '.title', 'self', 'self_parent'),
  (32, '.title', 'self', 'self_parent'),
  (33, '.title', 'self', 'self_parent'),
  (34, '.title', 'self', 'self_parent'),
  (35, '.title', 'self', 'self_parent'),
  (36, '.title', 'self', 'self_parent'),
  (37, '.title', 'self', 'self_parent'),
  (38, '.title', 'self', 'self_parent'),
  (39, '.title', 'self', 'self_parent'),
  (40, '.title', 'self', 'self_parent'),

  (41, 'a.fc-item__link', '.fc-item__headline', 'self'),
  (42, 'a.fc-item__link', '.fc-item__headline', 'self'),
  (43, 'a.fc-item__link', '.fc-item__headline', 'self'),
  (44, 'a.fc-item__link', '.fc-item__headline', 'self'),
  (45, 'a.fc-item__link', '.fc-item__headline', 'self'),
  (46, 'a.fc-item__link', '.fc-item__headline', 'self'),
  (47, 'a.fc-item__link', '.fc-item__headline', 'self'),
  (48, 'a.fc-item__link', '.fc-item__headline', 'self'),
  (49, 'a.fc-item__link', '.fc-item__headline', 'self'),
  (50, 'a.fc-item__link', '.fc-item__headline', 'self'),
  (51, 'a.fc-item__link', '.fc-item__headline', 'self'),
  (52, 'a.fc-item__link', '.fc-item__headline', 'self'),
  (53, 'a.fc-item__link', '.fc-item__headline', 'self'),
  (54, 'a.fc-item__link', '.fc-item__headline', 'self'),
  (55, 'a.fc-item__link', '.fc-item__headline', 'self'),
  (56, 'a.fc-item__link', '.fc-item__headline', 'self'),
  (57, 'a.fc-item__link', '.fc-item__headline', 'self'),
  (58, 'a.fc-item__link', '.fc-item__headline', 'self'),
  (59, 'a.fc-item__link', '.fc-item__headline', 'self'),
  (60, 'a.fc-item__link', '.fc-item__headline', 'self'),
  (61, 'a.fc-item__link', '.fc-item__headline', 'self'),
  (62, 'a.fc-item__link', '.fc-item__headline', 'self'),
  (63, 'a.fc-item__link', '.fc-item__headline', 'self'),

  (64, '.text', 'a', 'a'),
  (65, '.text', 'a', 'a'),
  (66, '.text', 'a', 'a'),
  (67, '.text', 'a', 'a'),
  (68, '.text', 'a', 'a'),
  (69, '.text', 'a', 'a'),
  (70, '.text', 'a', 'a'),
  (71, '.text', 'a', 'a'),
  (72, '.text', 'a', 'a'),
  (73, '.text', 'a', 'a')